index.html	hub.lz.index.a75f	Shikibu Pro: one-click furigana and vocabulary annotations in any Japanese EPUB
index.html	hub.lz.index.9a7c	Pay once. Keep it forever. Free updates and re-downloads.
index.html	hub.lz.index.2b1f	Get the Language Bundle — $44
index.html	hub.lz.index.036a	Every installer lives on GitHub Releases: Linux .deb · Windows .exe · Android .apk · ZIP.
index.html	hub.lz.index.96b2	Subtitle Toolkit — .deb · .exe · .apk · ZIP
index.html	hub.lz.index.3fbb	KitchenOS — .deb · .exe · .apk · source
index.html	hub.lz.index.8256	Lingua Mundi / Shikibu / Texupan — .deb · .exe · .apk · ZIP
index.html	hub.lz.index.f112	Texupan — app ZIP
index.html	hub.lz.index.0001	Choir Director — Linux .deb (Windows & Android with the Rust rebuild)
index.html	hub.lz.index.da8c	Ledgerly — app ZIP
index.html	hub.lz.index.8a51	Paid tiers and API access are managed in each product's dashboard.
index.html	hub.lz.index.dd9c	Lingua Mundi dashboard — API plans & keys
index.html	hub.lz.index.132a	Subtitle Toolkit app — Get Pro
index.html	hub.lz.index.c61d	KitchenOS Premium app
index.html	hub.lz.index.d8ae	Lingua Mundi launch
index.html	hub.lz.index.3e19	Texupan launch (+ app)
index.html	hub.lz.index.baf2	Subtitle Toolkit launch
index.html	hub.lz.index.21a8	KitchenOS launch
index.html	hub.lz.index.a29f	Toscanini launch
index.html	hub.lz.index.1f03	Ledgerly launch (+ app)
index.html	hub.lz.index.d309	Chén Báaxal spec
index.html	hub.lz.index.380f	Xokbil repo
index.html	hub.lz.index.8900	rhls.softdev@gmail.com
index.html	hub.lz.index.dcf9	Privacy · Terms · Refund policy · About me · CV · Contact
